Category,samples,medIncomeValue,MedHouseValMean,MedHouseValMedian,MedHouseValStd,population_sum
Glenn,1,1.7463,0.688,0.688,,551.0
Inyo,4,1.758,0.5772475,0.392,0.5463604716897078,1609.0
Kern,36,3.7415000000000003,0.9240555555555555,0.8645,0.39761157962761634,43816.0
San Bernardino,5,2.7138,0.5174000000000001,0.533,0.21067819061307702,12008.0
Sonoma,5,3.3125,1.6128,1.326,0.7883816968956091,3722.0
Unknown,3,2.5192,1.3363333333333334,1.405,0.20673735350277972,3542.0
